minute,time,wind_speed_mps,solar_irradiance_w_m2,air_temp_c,load_kw
0,00:00,30.750,0.0,18.90,402.55
1,00:01,32.648,0.0,18.89,402.98
2,00:02,34.406,0.0,18.89,403.41
3,00:03,35.901,0.0,18.88,403.83
4,00:04,37.041,0.0,18.88,404.23
5,00:05,37.774,0.0,18.87,404.63
6,00:06,38.094,0.0,18.87,405.01
7,00:07,38.043,0.0,18.86,405.38
8,00:08,37.696,0.0,18.85,405.72
9,00:09,37.159,0.0,18.85,406.04
10,00:10,36.548,0.0,18.84,406.33
11,00:11,35.974,0.0,18.84,406.60
12,00:12,35.530,0.0,18.83,406.84
13,00:13,35.278,0.0,18.83,407.04
14,00:14,35.239,0.0,18.82,407.22
15,00:15,35.397,0.0,18.81,407.35
16,00:16,35.696,0.0,18.81,407.45
17,00:17,36.054,0.0,18.80,407.51
18,00:18,36.376,0.0,18.80,407.54
19,00:19,36.567,0.0,18.79,407.52
20,00:20,36.547,0.0,18.78,407.45
21,00:21,36.267,0.0,18.77,407.35
22,00:22,35.715,0.0,18.77,407.20
23,00:23,34.921,0.0,18.76,407.01
24,00:24,33.957,0.0,18.75,406.78
25,00:25,32.924,0.0,18.74,406.50
26,00:26,31.945,0.0,18.74,406.18
27,00:27,31.148,0.0,18.73,405.81
28,00:28,30.649,0.0,18.72,405.40
29,00:29,30.535,0.0,18.71,404.95
30,00:30,30.859,0.0,18.70,404.46
31,00:31,31.622,0.0,18.69,403.92
32,00:32,32.784,0.0,18.68,403.35
33,00:33,34.258,0.0,18.67,402.74
34,00:34,35.928,0.0,18.66,402.09
35,00:35,37.657,0.0,18.65,401.41
36,00:36,39.307,0.0,18.64,400.69
37,00:37,40.756,0.0,18.63,399.94
38,00:38,41.909,0.0,18.62,399.17
39,00:39,42.711,0.0,18.61,398.36
40,00:40,43.152,0.0,18.59,397.54
41,00:41,43.264,0.0,18.58,396.69
42,00:42,43.116,0.0,18.57,395.82
43,00:43,42.804,0.0,18.55,394.93
44,00:44,42.432,0.0,18.54,394.03
45,00:45,42.102,0.0,18.53,393.12
46,00:46,41.896,0.0,18.51,392.19
47,00:47,41.863,0.0,18.50,391.27
48,00:48,42.015,0.0,18.48,390.33
49,00:49,42.325,0.0,18.47,389.40
50,00:50,42.729,0.0,18.45,388.47
51,00:51,43.137,0.0,18.44,387.55
52,00:52,43.448,0.0,18.42,386.63
53,00:53,43.561,0.0,18.40,385.73
54,00:54,43.396,0.0,18.39,384.84
55,00:55,42.900,0.0,18.37,383.96
56,00:56,42.064,0.0,18.35,383.10
57,00:57,40.922,0.0,18.34,382.27
58,00:58,39.548,0.0,18.32,381.45
59,00:59,38.052,0.0,18.30,380.67
60,01:00,36.564,0.0,18.28,379.91
61,01:01,35.222,0.0,18.26,379.18
62,01:02,34.150,0.0,18.24,378.48
63,01:03,33.449,0.0,18.22,377.82
64,01:04,33.181,0.0,18.20,377.20
65,01:05,33.360,0.0,18.18,376.61
66,01:06,33.956,0.0,18.16,376.06
67,01:07,34.895,0.0,18.14,375.55
68,01:08,36.067,0.0,18.12,375.08
69,01:09,37.347,0.0,18.10,374.65
70,01:10,38.603,0.0,18.08,374.26
71,01:11,39.718,0.0,18.06,373.92
72,01:12,40.603,0.0,18.04,373.62
73,01:13,41.203,0.0,18.02,373.36
74,01:14,41.510,0.0,17.99,373.15
75,01:15,41.552,0.0,17.97,372.98
76,01:16,41.396,0.0,17.95,372.85
77,01:17,41.132,0.0,17.93,372.76
78,01:18,40.859,0.0,17.91,372.72
79,01:19,40.668,0.0,17.89,372.71
80,01:20,40.632,0.0,17.86,372.75
81,01:21,40.790,0.0,17.84,372.82
82,01:22,41.145,0.0,17.82,372.93
83,01:23,41.656,0.0,17.80,373.07
84,01:24,42.249,0.0,17.77,373.25
85,01:25,42.825,0.0,17.75,373.46
86,01:26,43.270,0.0,17.73,373.70
87,01:27,43.476,0.0,17.71,373.96
88,01:28,43.355,0.0,17.69,374.25
89,01:29,42.848,0.0,17.66,374.56
90,01:30,41.942,0.0,17.64,374.89
91,01:31,40.666,0.0,17.62,375.24
92,01:32,39.096,0.0,17.60,375.61
93,01:33,37.341,0.0,17.58,375.99
94,01:34,35.535,0.0,17.55,376.37
95,01:35,33.821,0.0,17.53,376.77
96,01:36,32.329,0.0,17.51,377.17
97,01:37,31.168,0.0,17.49,377.57
98,01:38,30.409,0.0,17.47,377.96
99,01:39,30.077,0.0,17.45,378.36
100,01:40,30.152,0.0,17.43,378.75
101,01:41,30.571,0.0,17.41,379.13
102,01:42,31.237,0.0,17.39,379.49
103,01:43,32.035,0.0,17.37,379.84
104,01:44,32.844,0.0,17.35,380.18
105,01:45,33.557,0.0,17.33,380.49
106,01:46,34.093,0.0,17.31,380.79
107,01:47,34.405,0.0,17.30,381.06
108,01:48,34.488,0.0,17.28,381.30
109,01:49,34.378,0.0,17.26,381.51
110,01:50,34.141,0.0,17.24,381.70
111,01:51,33.868,0.0,17.23,381.85
112,01:52,33.655,0.0,17.21,381.97
113,01:53,33.591,0.0,17.19,382.06
114,01:54,33.743,0.0,17.18,382.11
115,01:55,34.143,0.0,17.16,382.12
116,01:56,34.785,0.0,17.15,382.09
117,01:57,35.619,0.0,17.13,382.02
118,01:58,36.560,0.0,17.12,381.92
119,01:59,37.498,0.0,17.11,381.77
120,02:00,38.308,0.0,17.09,381.59
121,02:01,38.872,0.0,17.08,381.36
122,02:02,39.088,0.0,17.07,381.09
123,02:03,38.891,0.0,17.06,380.79
124,02:04,38.255,0.0,17.05,380.44
125,02:05,37.204,0.0,17.04,380.06
126,02:06,35.805,0.0,17.03,379.64
127,02:07,34.166,0.0,17.02,379.18
128,02:08,32.415,0.0,17.01,378.69
129,02:09,30.694,0.0,17.00,378.16
130,02:10,29.137,0.0,16.99,377.60
131,02:11,27.853,0.0,16.99,377.00
132,02:12,26.918,0.0,16.98,376.38
133,02:13,26.364,0.0,16.97,375.74
134,02:14,26.179,0.0,16.97,375.06
135,02:15,26.308,0.0,16.96,374.37
136,02:16,26.665,0.0,16.96,373.65
137,02:17,27.145,0.0,16.95,372.91
138,02:18,27.638,0.0,16.95,372.16
139,02:19,28.050,0.0,16.95,371.40
140,02:20,28.308,0.0,16.94,370.62
141,02:21,28.378,0.0,16.94,369.84
142,02:22,28.263,0.0,16.94,369.05
143,02:23,28.008,0.0,16.94,368.26
144,02:24,27.687,0.0,16.94,367.47
145,02:25,27.395,0.0,16.94,366.68
146,02:26,27.232,0.0,16.94,365.90
147,02:27,27.289,0.0,16.94,365.13
148,02:28,27.633,0.0,16.94,364.37
149,02:29,28.294,0.0,16.94,363.63
150,02:30,29.261,0.0,16.95,362.90
151,02:31,30.479,0.0,16.95,362.20
152,02:32,31.857,0.0,16.95,361.51
153,02:33,33.275,0.0,16.96,360.85
154,02:34,34.599,0.0,16.96,360.22
155,02:35,35.699,0.0,16.97,359.62
156,02:36,36.464,0.0,16.97,359.05
157,02:37,36.815,0.0,16.98,358.51
158,02:38,36.716,0.0,16.98,358.01
159,02:39,36.181,0.0,16.99,357.54
160,02:40,35.266,0.0,17.00,357.12
161,02:41,34.068,0.0,17.00,356.74
162,02:42,32.710,0.0,17.01,356.40
163,02:43,31.326,0.0,17.02,356.10
164,02:44,30.043,0.0,17.03,355.85
165,02:45,28.971,0.0,17.04,355.64
166,02:46,28.183,0.0,17.05,355.48
167,02:47,27.712,0.0,17.06,355.36
168,02:48,27.548,0.0,17.07,355.29
169,02:49,27.641,0.0,17.08,355.27
170,02:50,27.911,0.0,17.09,355.29
171,02:51,28.261,0.0,17.10,355.36
172,02:52,28.591,0.0,17.11,355.48
173,02:53,28.814,0.0,17.12,355.64
174,02:54,28.870,0.0,17.13,355.85
175,02:55,28.735,0.0,17.14,356.10
176,02:56,28.424,0.0,17.15,356.39
177,02:57,27.993,0.0,17.16,356.72
178,02:58,27.524,0.0,17.18,357.09
179,02:59,27.124,0.0,17.19,357.50
180,03:00,26.901,0.0,17.20,357.95
181,03:01,26.952,0.0,17.21,358.43
182,03:02,27.349,0.0,17.22,358.94
183,03:03,28.127,0.0,17.24,359.49
184,03:04,29.276,0.0,17.25,360.06
185,03:05,30.742,0.0,17.26,360.65
186,03:06,32.430,0.0,17.27,361.27
187,03:07,34.217,0.0,17.29,361.91
188,03:08,35.963,0.0,17.30,362.57
189,03:09,37.531,0.0,17.31,363.24
190,03:10,38.801,0.0,17.33,363.93
191,03:11,39.685,0.0,17.34,364.62
192,03:12,40.136,0.0,17.35,365.32
193,03:13,40.156,0.0,17.36,366.03
194,03:14,39.791,0.0,17.38,366.73
195,03:15,39.126,0.0,17.39,367.44
196,03:16,38.272,0.0,17.40,368.14
197,03:17,37.354,0.0,17.41,368.83
198,03:18,36.490,0.0,17.42,369.51
199,03:19,35.781,0.0,17.44,370.18
200,03:20,35.293,0.0,17.45,370.84
201,03:21,35.056,0.0,17.46,371.48
202,03:22,35.056,0.0,17.47,372.09
203,03:23,35.243,0.0,17.48,372.69
204,03:24,35.536,0.0,17.49,373.26
205,03:25,35.842,0.0,17.50,373.81
206,03:26,36.065,0.0,17.51,374.32
207,03:27,36.125,0.0,17.52,374.81
208,03:28,35.969,0.0,17.53,375.26
209,03:29,35.582,0.0,17.54,375.69
210,03:30,34.990,0.0,17.55,376.07
211,03:31,34.257,0.0,17.56,376.42
212,03:32,33.480,0.0,17.57,376.74
213,03:33,32.774,0.0,17.58,377.01
214,03:34,32.260,0.0,17.59,377.25
215,03:35,32.044,0.0,17.60,377.45
216,03:36,32.209,0.0,17.60,377.61
217,03:37,32.798,0.0,17.61,377.74
218,03:38,33.807,0.0,17.62,377.82
219,03:39,35.188,0.0,17.63,377.86
220,03:40,36.850,0.0,17.63,377.87
221,03:41,38.671,0.0,17.64,377.84
222,03:42,40.513,0.0,17.65,377.77
223,03:43,42.236,0.0,17.65,377.66
224,03:44,43.715,0.0,17.66,377.52
225,03:45,44.858,0.0,17.66,377.35
226,03:46,45.610,0.0,17.67,377.14
227,03:47,45.965,0.0,17.67,376.91
228,03:48,45.959,0.0,17.67,376.64
229,03:49,45.667,0.0,17.68,376.35
230,03:50,45.188,0.0,17.68,376.04
231,03:51,44.637,0.0,17.69,375.70
232,03:52,44.120,0.0,17.69,375.34
233,03:53,43.727,0.0,17.69,374.97
234,03:54,43.515,0.0,17.69,374.57
235,03:55,43.503,0.0,17.70,374.17
236,03:56,43.671,0.0,17.70,373.76
237,03:57,43.962,0.0,17.70,373.33
238,03:58,44.291,0.0,17.70,372.91
239,03:59,44.561,0.0,17.70,372.48
240,04:00,44.676,0.0,17.70,372.05
241,04:01,44.557,0.0,17.70,371.62
242,04:02,44.153,0.0,17.70,371.20
243,04:03,43.455,0.0,17.70,370.79
244,04:04,42.495,0.0,17.70,370.39
245,04:05,41.345,0.0,17.70,370.01
246,04:06,40.110,0.0,17.70,369.64
247,04:07,38.917,0.0,17.70,369.30
248,04:08,37.896,0.0,17.70,368.97
249,04:09,37.166,0.0,17.70,368.67
250,04:10,36.821,0.0,17.69,368.40
251,04:11,36.914,0.0,17.69,368.16
252,04:12,37.453,0.0,17.69,367.95
253,04:13,38.399,0.0,17.69,367.77
254,04:14,39.670,0.0,17.69,367.63
255,04:15,41.152,0.0,17.68,367.52
256,04:16,42.710,0.0,17.68,367.46
257,04:17,44.210,0.0,17.68,367.43
258,04:18,45.530,0.0,17.68,367.45
259,04:19,46.575,0.0,17.67,367.51
260,04:20,47.292,0.0,17.67,367.61
261,04:21,47.668,0.0,17.67,367.76
262,04:22,47.735,0.0,17.66,367.95
263,04:23,47.561,0.0,17.66,368.19
264,04:24,47.238,0.0,17.66,368.48
265,04:25,46.869,0.0,17.66,368.81
266,04:26,46.551,0.0,17.65,369.19
267,04:27,46.363,0.0,17.65,369.62
268,04:28,46.351,0.0,17.65,370.09
269,04:29,46.523,0.0,17.64,370.60
270,04:30,46.849,0.0,17.64,371.16
271,04:31,47.259,0.0,17.64,371.76
272,04:32,47.663,0.0,17.64,372.41
273,04:33,47.954,0.0,17.63,373.10
274,04:34,48.030,0.0,17.63,373.82
275,04:35,47.808,0.0,17.63,374.58
276,04:36,47.235,0.0,17.63,375.38
277,04:37,46.300,0.0,17.63,376.21
278,04:38,45.037,0.0,17.63,377.08
279,04:39,43.520,0.0,17.62,377.97
280,04:40,41.860,0.0,17.62,378.90
281,04:41,40.190,0.0,17.62,379.84
282,04:42,38.648,0.0,17.62,380.82
283,04:43,37.363,0.0,17.62,381.81
284,04:44,36.437,0.0,17.62,382.82
285,04:45,35.936,0.0,17.62,383.84
286,04:46,35.879,0.0,17.62,384.88
287,04:47,36.239,0.0,17.63,385.92
288,04:48,36.944,0.0,17.63,386.98
289,04:49,37.891,0.0,17.63,388.04
290,04:50,38.956,0.0,17.63,389.10
291,04:51,40.012,0.0,17.63,390.16
292,04:52,40.945,0.0,17.64,391.21
293,04:53,41.667,0.0,17.64,392.26
294,04:54,42.126,0.0,17.64,393.30
295,04:55,42.313,0.0,17.65,394.33
296,04:56,42.260,0.0,17.65,395.34
297,04:57,42.033,0.0,17.66,396.34
298,04:58,41.721,0.0,17.66,397.32
299,04:59,41.420,0.0,17.67,398.27
300,05:00,41.223,0.0,17.67,399.21
301,05:01,41.198,0.0,17.68,400.12
302,05:02,41.382,0.0,17.69,401.00
303,05:03,41.774,0.0,17.70,401.85
304,05:04,42.330,0.0,17.70,402.67
305,05:05,42.973,0.0,17.71,403.47
306,05:06,43.598,0.0,17.72,404.22
307,05:07,44.091,0.0,17.73,404.95
308,05:08,44.337,0.0,17.74,405.64
309,05:09,44.246,0.0,17.75,406.29
310,05:10,43.756,0.0,17.76,406.91
311,05:11,42.850,0.0,17.78,407.49
312,05:12,41.558,0.0,17.79,408.03
313,05:13,39.951,0.0,17.80,408.54
314,05:14,38.139,0.0,17.81,409.01
315,05:15,36.256,0.0,17.83,409.45
316,05:16,34.443,0.0,17.84,409.85
317,05:17,32.834,0.0,17.86,410.21
318,05:18,31.538,0.0,17.87,410.54
319,05:19,30.627,0.0,17.89,410.84
320,05:20,30.132,0.0,17.90,411.10
321,05:21,30.033,0.0,17.92,411.34
322,05:22,30.271,0.0,17.94,411.54
323,05:23,30.754,0.0,17.96,411.72
324,05:24,31.368,0.0,17.97,411.87
325,05:25,31.999,0.0,17.99,412.00
326,05:26,32.543,0.0,18.01,412.11
327,05:27,32.920,0.0,18.03,412.20
328,05:28,33.089,0.0,18.05,412.28
329,05:29,33.047,0.0,18.07,412.34
330,05:30,32.832,0.0,18.10,412.39
331,05:31,32.513,0.0,18.12,412.42
332,05:32,32.180,0.0,18.14,412.46
333,05:33,31.932,0.0,18.16,412.49
334,05:34,31.857,0.0,18.19,412.52
335,05:35,32.021,0.0,18.21,412.55
336,05:36,32.456,0.0,18.23,412.58
337,05:37,33.152,0.0,18.26,412.63
338,05:38,34.059,0.0,18.28,412.68
339,05:39,35.087,0.0,18.31,412.75
340,05:40,36.124,0.0,18.33,412.84
341,05:41,37.041,0.0,18.36,412.94
342,05:42,37.716,0.0,18.38,413.07
343,05:43,38.044,0.0,18.41,413.22
344,05:44,37.955,0.0,18.44,413.39
345,05:45,37.421,0.0,18.46,413.60
346,05:46,36.461,0.0,18.49,413.84
347,05:47,35.140,0.0,18.52,414.11
348,05:48,33.562,0.0,18.55,414.42
349,05:49,31.855,0.0,18.58,414.77
350,05:50,30.157,0.0,18.60,415.16
351,05:51,28.602,0.0,18.63,415.60
352,05:52,27.299,0.0,18.66,416.07
353,05:53,26.324,0.0,18.69,416.59
354,05:54,25.710,0.0,18.72,417.16
355,05:55,25.446,0.0,18.75,417.78
356,05:56,25.480,0.0,18.78,418.45
357,05:57,25.728,0.0,18.81,419.16
358,05:58,26.087,0.0,18.84,419.93
359,05:59,26.453,0.0,18.87,420.74
360,06:00,26.733,0.0,18.90,421.61
361,06:01,26.860,0.0,18.93,422.53
362,06:02,26.801,0.0,18.96,423.50
363,06:03,26.566,0.0,18.99,424.52
364,06:04,26.201,0.0,19.02,425.59
365,06:05,25.784,0.0,19.05,426.71
366,06:06,25.412,0.0,19.08,427.88
367,06:07,25.188,0.0,19.11,429.10
368,06:08,25.206,0.0,19.14,430.36
369,06:09,25.532,0.0,19.17,431.67
370,06:10,26.198,0.0,19.20,433.02
371,06:11,27.192,0.1,19.23,434.42
372,06:12,28.460,3.6,19.26,435.85
373,06:13,29.909,7.3,19.29,437.32
374,06:14,31.415,11.2,19.32,438.83
375,06:15,32.844,15.2,19.35,440.36
376,06:16,34.063,19.4,19.38,441.94
377,06:17,34.956,23.5,19.41,443.53
378,06:18,35.442,27.7,19.44,445.16
379,06:19,35.481,31.9,19.47,446.80
380,06:20,35.082,35.9,19.50,448.47
381,06:21,34.298,39.9,19.53,450.16
382,06:22,33.223,43.6,19.55,451.86
383,06:23,31.976,47.2,19.58,453.57
384,06:24,30.687,50.6,19.61,455.29
385,06:25,29.482,53.7,19.64,457.01
386,06:26,28.467,56.6,19.67,458.74
387,06:27,27.714,59.2,19.69,460.47
388,06:28,27.256,61.5,19.72,462.19
389,06:29,27.082,63.5,19.75,463.91
390,06:30,27.142,65.2,19.77,465.61
391,06:31,27.357,66.7,19.80,467.31
392,06:32,27.631,67.9,19.82,468.99
393,06:33,27.867,68.9,19.85,470.65
394,06:34,27.980,69.6,19.87,472.29
395,06:35,27.914,70.2,19.90,473.91
396,06:36,27.647,70.6,19.92,475.51
397,06:37,27.199,70.9,19.95,477.07
398,06:38,26.628,71.1,19.97,478.61
399,06:39,26.022,71.3,19.99,480.11
400,06:40,25.489,71.5,20.02,481.59
401,06:41,25.143,71.7,20.04,483.02
402,06:42,25.083,72.0,20.06,484.42
403,06:43,25.384,72.5,20.08,485.78
404,06:44,26.083,73.1,20.11,487.09
405,06:45,27.172,74.0,20.13,488.37
406,06:46,28.598,75.0,20.15,489.61
407,06:47,30.267,76.4,20.17,490.80
408,06:48,32.056,78.0,20.19,491.95
409,06:49,33.825,80.0,20.21,493.05
410,06:50,35.435,82.3,20.23,494.11
411,06:51,36.764,84.9,20.25,495.12
412,06:52,37.721,87.8,20.27,496.10
413,06:53,38.258,91.2,20.28,497.02
414,06:54,38.371,94.8,20.30,497.90
415,06:55,38.105,98.8,20.32,498.74
416,06:56,37.539,103.0,20.34,499.54
417,06:57,36.783,107.6,20.35,500.30
418,06:58,35.956,112.4,20.37,501.01
419,06:59,35.173,117.4,20.39,501.69
420,07:00,34.531,122.6,20.40,502.33
421,07:01,34.095,127.9,20.42,502.93
422,07:02,33.890,133.4,20.43,503.50
423,07:03,33.901,138.9,20.45,504.03
424,07:04,34.075,144.4,20.46,504.54
425,07:05,34.332,149.9,20.48,505.01
426,07:06,34.578,155.3,20.49,505.46
427,07:07,34.716,160.6,20.51,505.88
428,07:08,34.669,165.8,20.52,506.28
429,07:09,34.385,170.8,20.53,506.66
430,07:10,33.851,175.6,20.55,507.03
431,07:11,33.094,180.1,20.56,507.37
432,07:12,32.184,184.4,20.57,507.71
433,07:13,31.220,188.4,20.59,508.03
434,07:14,30.320,192.1,20.60,508.35
435,07:15,29.609,195.4,20.61,508.66
436,07:16,29.198,198.5,20.62,508.96
437,07:17,29.173,201.3,20.63,509.27
438,07:18,29.579,203.8,20.65,509.57
439,07:19,30.418,206.0,20.66,509.88
440,07:20,31.644,207.9,20.67,510.19
441,07:21,33.167,209.6,20.68,510.52
442,07:22,34.869,211.1,20.69,510.85
443,07:23,36.612,212.5,20.70,511.19
444,07:24,38.256,213.7,20.71,511.54
445,07:25,39.677,214.8,20.72,511.92
446,07:26,40.783,215.8,20.74,512.30
447,07:27,41.517,216.9,20.75,512.71
448,07:28,41.871,218.0,20.76,513.13
449,07:29,41.878,219.1,20.77,513.58
450,07:30,41.612,220.4,20.78,514.05
451,07:31,41.168,221.8,20.79,514.53
452,07:32,40.656,223.4,20.80,515.05
453,07:33,40.181,225.3,20.81,515.58
454,07:34,39.827,227.4,20.83,516.14
455,07:35,39.649,229.8,20.84,516.72
456,07:36,39.661,232.4,20.85,517.33
457,07:37,39.841,235.4,20.86,517.96
458,07:38,40.127,238.7,20.87,518.62
459,07:39,40.433,242.4,20.88,519.30
460,07:40,40.660,246.4,20.90,520.00
461,07:41,40.709,250.7,20.91,520.72
462,07:42,40.501,255.3,20.92,521.46
463,07:43,39.986,260.2,20.93,522.22
464,07:44,39.153,265.3,20.95,523.00
465,07:45,38.036,270.7,20.96,523.79
466,07:46,36.709,276.3,20.97,524.60
467,07:47,35.280,282.1,20.99,525.43
468,07:48,33.876,288.0,21.00,526.26
469,07:49,32.633,294.0,21.02,527.10
470,07:50,31.672,300.0,21.03,527.95
471,07:51,31.090,306.1,21.05,528.81
472,07:52,30.946,312.1,21.06,529.67
473,07:53,31.250,318.0,21.08,530.52
474,07:54,31.967,323.8,21.09,531.38
475,07:55,33.019,329.5,21.11,532.22
476,07:56,34.295,334.9,21.13,533.06
477,07:57,35.664,340.2,21.14,533.89
478,07:58,36.993,345.2,21.16,534.71
479,07:59,38.163,349.8,21.18,535.51
480,08:00,39.079,354.2,21.20,536.29
481,08:01,39.690,358.3,21.21,537.05
482,08:02,39.983,362.1,21.23,537.78
483,08:03,39.988,365.6,21.25,538.49
484,08:04,39.773,368.7,21.27,539.16
485,08:05,39.428,371.6,21.29,539.81
486,08:06,39.053,374.1,21.31,540.42
487,08:07,38.744,376.4,21.33,540.99
488,08:08,38.575,378.4,21.36,541.52
489,08:09,38.590,380.2,21.38,542.00
490,08:10,38.792,381.9,21.40,542.44
491,08:11,39.146,383.4,21.42,542.84
492,08:12,39.583,384.8,21.45,543.19
493,08:13,40.004,386.1,21.47,543.48
494,08:14,40.302,387.4,21.49,543.72
495,08:15,40.371,388.8,21.52,543.91
496,08:16,40.126,390.1,21.54,544.04
497,08:17,39.511,391.6,21.57,544.12
498,08:18,38.514,393.3,21.59,544.14
499,08:19,37.167,395.1,21.62,544.09
500,08:20,35.545,397.2,21.65,543.99
501,08:21,33.760,399.4,21.68,543.83
502,08:22,31.944,402.0,21.70,543.61
503,08:23,30.238,404.9,21.73,543.32
504,08:24,28.772,408.0,21.76,542.98
505,08:25,27.653,411.5,21.79,542.58
506,08:26,26.948,415.3,21.82,542.11
507,08:27,26.680,419.4,21.85,541.59
508,08:28,26.826,423.8,21.88,541.00
509,08:29,27.317,428.5,21.91,540.36
510,08:30,28.055,433.5,21.94,539.66
511,08:31,28.919,438.7,21.97,538.91
512,08:32,29.785,444.2,22.00,538.10
513,08:33,30.544,449.9,22.04,537.24
514,08:34,31.108,455.7,22.07,536.33
515,08:35,31.431,461.6,22.10,535.37
516,08:36,31.504,467.7,22.13,534.37
517,08:37,31.361,473.7,22.17,533.32
518,08:38,31.067,479.8,22.20,532.23
519,08:39,30.712,485.8,22.24,531.10
520,08:40,30.392,491.7,22.27,529.94
521,08:41,30.198,497.5,22.30,528.74
522,08:42,30.197,503.2,22.34,527.51
523,08:43,30.423,508.6,22.37,526.26
524,08:44,30.871,513.8,22.41,524.98
525,08:45,31.497,518.7,22.45,523.67
526,08:46,32.217,523.3,22.48,522.35
527,08:47,32.925,527.7,22.52,521.02
528,08:48,33.500,531.7,22.55,519.67
529,08:49,33.827,535.4,22.59,518.32
530,08:50,33.810,538.7,22.63,516.96
531,08:51,33.384,541.8,22.66,515.59
532,08:52,32.530,544.5,22.70,514.23
533,08:53,31.273,546.9,22.74,512.87
534,08:54,29.684,549.1,22.78,511.52
535,08:55,27.872,551.0,22.81,510.18
536,08:56,25.967,552.6,22.85,508.86
537,08:57,24.113,554.1,22.89,507.55
538,08:58,22.442,555.4,22.92,506.26
539,08:59,21.064,556.7,22.96,504.99
540,09:00,20.055,557.8,23.00,503.75
541,09:01,19.445,558.9,23.04,502.53
542,09:02,19.219,560.0,23.08,501.34
543,09:03,19.320,561.2,23.11,500.19
544,09:04,19.659,562.5,23.15,499.07
545,09:05,20.128,563.9,23.19,497.98
546,09:06,20.613,565.5,23.22,496.93
547,09:07,21.015,567.3,23.26,495.92
548,09:08,21.260,569.3,23.30,494.95
549,09:09,21.309,571.6,23.34,494.02
550,09:10,21.161,574.2,23.37,493.14
551,09:11,20.858,577.0,23.41,492.29
552,09:12,20.472,580.2,23.45,491.49
553,09:13,20.094,583.7,23.48,490.74
554,09:14,19.824,587.5,23.52,490.03
555,09:15,19.752,591.6,23.55,489.37
556,09:16,19.942,596.0,23.59,488.75
557,09:17,20.426,600.6,23.63,488.17
558,09:18,21.194,605.5,23.66,487.64
559,09:19,22.192,610.6,23.70,487.16
560,09:20,23.330,615.9,23.73,486.71
561,09:21,24.490,621.4,23.76,486.31
562,09:22,25.543,627.0,23.80,485.95
563,09:23,26.361,632.6,23.83,485.63
564,09:24,26.837,638.3,23.87,485.34
565,09:25,26.895,644.0,23.90,485.09
566,09:26,26.505,649.6,23.93,484.88
567,09:27,25.682,655.1,23.96,484.70
568,09:28,24.488,660.4,24.00,484.55
569,09:29,23.022,665.6,24.03,484.43
570,09:30,21.411,670.6,24.06,484.33
571,09:31,19.791,675.4,24.09,484.26
572,09:32,18.293,679.8,24.12,484.21
573,09:33,17.026,684.0,24.15,484.18
574,09:34,16.066,687.9,24.18,484.16
575,09:35,15.445,691.4,24.21,484.16
576,09:36,15.154,694.6,24.24,484.18
577,09:37,15.141,697.4,24.27,484.20
578,09:38,15.326,700.0,24.30,484.23
579,09:39,15.609,702.2,24.32,484.26
580,09:40,15.886,704.1,24.35,484.29
581,09:41,16.070,705.7,24.38,484.32
582,09:42,16.095,707.1,24.41,484.35
583,09:43,15.936,708.2,24.43,484.37
584,09:44,15.603,709.1,24.46,484.39
585,09:45,15.146,709.9,24.48,484.39
586,09:46,14.648,710.5,24.51,484.38
587,09:47,14.208,711.1,24.53,484.36
588,09:48,13.934,711.6,24.55,484.31
589,09:49,13.919,712.2,24.58,484.25
590,09:50,14.233,712.8,24.60,484.17
591,09:51,14.908,713.4,24.62,484.06
592,09:52,15.935,714.2,24.64,483.94
593,09:53,17.257,715.2,24.67,483.78
594,09:54,18.781,716.4,24.69,483.60
595,09:55,20.383,717.8,24.71,483.39
596,09:56,21.927,719.4,24.73,483.15
597,09:57,23.275,721.4,24.75,482.88
598,09:58,24.311,723.6,24.77,482.59
599,09:59,24.950,726.1,24.79,482.26
600,10:00,25.148,728.9,24.80,481.90
601,10:01,24.910,732.0,24.82,481.51
602,10:02,24.285,735.4,24.84,481.09
603,10:03,23.364,739.1,24.86,480.64
604,10:04,22.262,743.1,24.87,480.15
605,10:05,21.105,747.3,24.89,479.64
606,10:06,20.017,751.7,24.91,479.10
607,10:07,19.101,756.3,24.92,478.54
608,10:08,18.426,761.0,24.94,477.95
609,10:09,18.024,765.9,24.95,477.33
610,10:10,17.883,770.8,24.97,476.69
611,10:11,17.952,775.7,24.98,476.02
612,10:12,18.154,780.6,25.00,475.34
613,10:13,18.392,785.5,25.01,474.64
614,10:14,18.571,790.2,25.03,473.92
615,10:15,18.610,794.9,25.04,473.19
616,10:16,18.452,799.3,25.05,472.44
617,10:17,18.082,803.5,25.07,471.69
618,10:18,17.520,807.4,25.08,470.92
619,10:19,16.829,811.1,25.09,470.16
620,10:20,16.101,814.5,25.10,469.39
621,10:21,15.448,817.5,25.12,468.62
622,10:22,14.987,820.3,25.13,467.85
623,10:23,14.820,822.7,25.14,467.09
624,10:24,15.027,824.7,25.15,466.34
625,10:25,15.646,826.4,25.16,465.60
626,10:26,16.673,827.8,25.17,464.87
627,10:27,18.055,828.8,25.19,464.16
628,10:28,19.702,829.6,25.20,463.47
629,10:29,21.488,830.1,25.21,462.80
630,10:30,23.276,830.4,25.22,462.16
631,10:31,24.924,830.5,25.23,461.54
632,10:32,26.310,830.4,25.24,460.95
633,10:33,27.342,830.2,25.25,460.39
634,10:34,27.969,829.9,25.26,459.87
635,10:35,28.183,829.5,25.28,459.38
636,10:36,28.027,829.2,25.29,458.93
637,10:37,27.576,828.8,25.30,458.52
638,10:38,26.935,828.6,25.31,458.15
639,10:39,26.222,828.5,25.32,457.83
640,10:40,25.546,828.6,25.33,457.55
641,10:41,25.001,828.8,25.34,457.31
642,10:42,24.649,829.3,25.35,457.13
643,10:43,24.512,830.0,25.37,456.99
644,10:44,24.571,831.0,25.38,456.90
645,10:45,24.773,832.3,25.39,456.86
646,10:46,25.035,833.9,25.40,456.88
647,10:47,25.261,835.8,25.41,456.94
648,10:48,25.357,837.9,25.43,457.05
649,10:49,25.244,840.4,25.44,457.22
650,10:50,24.870,843.1,25.45,457.44
651,10:51,24.226,846.1,25.47,457.70
652,10:52,23.341,849.3,25.48,458.02
653,10:53,22.285,852.8,25.49,458.38
654,10:54,21.163,856.4,25.51,458.79
655,10:55,20.095,860.2,25.52,459.25
656,10:56,19.210,864.0,25.54,459.76
657,10:57,18.622,867.9,25.55,460.31
658,10:58,18.422,871.9,25.57,460.90
659,10:59,18.659,875.8,25.58,461.53
660,11:00,19.337,879.7,25.60,462.20
661,11:01,20.414,883.4,25.61,462.91
662,11:02,21.805,887.0,25.63,463.65
663,11:03,23.391,890.4,25.65,464.42
664,11:04,25.036,893.6,25.66,465.23
665,11:05,26.604,896.5,25.68,466.06
666,11:06,27.972,899.2,25.70,466.91
667,11:07,29.044,901.5,25.72,467.79
668,11:08,29.766,903.5,25.73,468.69
669,11:09,30.127,905.2,25.75,469.60
670,11:10,30.159,906.5,25.77,470.53
671,11:11,29.933,907.5,25.79,471.46
672,11:12,29.542,908.2,25.81,472.41
673,11:13,29.093,908.5,25.83,473.36
674,11:14,28.686,908.5,25.85,474.31
675,11:15,28.403,908.2,25.87,475.26
676,11:16,28.293,907.7,25.89,476.21
677,11:17,28.370,906.9,25.92,477.15
678,11:18,28.604,905.9,25.94,478.07
679,11:19,28.933,904.7,25.96,478.99
680,11:20,29.266,903.4,25.98,479.89
681,11:21,29.502,902.0,26.01,480.78
682,11:22,29.541,900.6,26.03,481.64
683,11:23,29.302,899.1,26.05,482.48
684,11:24,28.733,897.7,26.08,483.30
685,11:25,27.824,896.4,26.10,484.09
686,11:26,26.608,895.2,26.13,484.85
687,11:27,25.161,894.2,26.15,485.58
688,11:28,23.593,893.3,26.18,486.28
689,11:29,22.033,892.7,26.20,486.94
690,11:30,20.618,892.3,26.23,487.56
691,11:31,19.474,892.2,26.25,488.15
692,11:32,18.701,892.3,26.28,488.71
693,11:33,18.361,892.8,26.31,489.22
694,11:34,18.468,893.5,26.33,489.69
695,11:35,18.993,894.6,26.36,490.12
696,11:36,19.859,895.9,26.39,490.51
697,11:37,20.960,897.5,26.42,490.86
698,11:38,22.168,899.4,26.45,491.17
699,11:39,23.353,901.5,26.47,491.44
700,11:40,24.397,903.8,26.50,491.67
701,11:41,25.209,906.2,26.53,491.85
702,11:42,25.738,908.9,26.56,492.00
703,11:43,25.973,911.6,26.59,492.11
704,11:44,25.943,914.4,26.62,492.18
705,11:45,25.716,917.1,26.65,492.22
706,11:46,25.379,919.9,26.68,492.22
707,11:47,25.033,922.6,26.71,492.19
708,11:48,24.770,925.2,26.74,492.13
709,11:49,24.662,927.6,26.77,492.03
710,11:50,24.748,929.9,26.80,491.91
711,11:51,25.029,931.9,26.83,491.77
712,11:52,25.467,933.7,26.86,491.60
713,11:53,25.987,935.2,26.89,491.41
714,11:54,26.489,936.3,26.92,491.20
715,11:55,26.861,937.2,26.95,490.97
716,11:56,26.993,937.7,26.98,490.73
717,11:57,26.797,937.9,27.01,490.48
718,11:58,26.216,937.7,27.04,490.22
719,11:59,25.235,937.2,27.07,489.96
720,12:00,23.884,936.3,27.10,489.69
721,12:01,22.238,935.2,27.13,489.42
722,12:02,20.407,933.7,27.16,489.15
723,12:03,18.526,932.0,27.19,488.89
724,12:04,16.735,930.0,27.22,488.63
725,12:05,15.166,927.8,27.25,488.39
726,12:06,13.928,925.4,27.28,488.16
727,12:07,13.091,923.0,27.31,487.94
728,12:08,12.682,920.4,27.34,487.74
729,12:09,12.679,917.8,27.37,487.57
730,12:10,13.020,915.1,27.40,487.41
731,12:11,13.607,912.6,27.42,487.28
732,12:12,14.326,910.1,27.45,487.18
733,12:13,15.055,907.7,27.48,487.10
734,12:14,15.689,905.4,27.51,487.06
735,12:15,16.144,903.4,27.54,487.04
736,12:16,16.375,901.6,27.56,487.07
737,12:17,16.378,900.0,27.59,487.12
738,12:18,16.186,898.7,27.62,487.22
739,12:19,15.867,897.7,27.64,487.35
740,12:20,15.512,896.9,27.67,487.52
741,12:21,15.217,896.5,27.69,487.73
742,12:22,15.070,896.4,27.72,487.98
743,12:23,15.139,896.5,27.74,488.27
744,12:24,15.456,896.9,27.77,488.60
745,12:25,16.014,897.6,27.79,488.97
746,12:26,16.764,898.5,27.81,489.38
747,12:27,17.621,899.6,27.84,489.83
748,12:28,18.474,900.9,27.86,490.32
749,12:29,19.200,902.3,27.88,490.85
750,12:30,19.678,903.9,27.90,491.42
751,12:31,19.809,905.4,27.93,492.03
752,12:32,19.525,907.0,27.95,492.67
753,12:33,18.803,908.6,27.97,493.34
754,12:34,17.666,910.1,27.99,494.05
755,12:35,16.181,911.5,28.01,494.79
756,12:36,14.455,912.8,28.03,495.56
757,12:37,12.617,913.9,28.04,496.35
758,12:38,10.809,914.7,28.06,497.17
759,12:39,9.164,915.3,28.08,498.01
760,12:40,7.793,915.6,28.10,498.88
761,12:41,6.770,915.6,28.11,499.76
762,12:42,6.129,915.3,28.13,500.66
763,12:43,5.855,914.6,28.14,501.57
764,12:44,5.896,913.6,28.16,502.49
765,12:45,6.165,912.2,28.17,503.42
766,12:46,6.557,910.5,28.19,504.35
767,12:47,6.962,908.5,28.20,505.29
768,12:48,7.285,906.2,28.21,506.22
769,12:49,7.455,903.5,28.22,507.15
770,12:50,7.436,900.6,28.24,508.08
771,12:51,7.234,897.5,28.25,509.00
772,12:52,6.890,894.1,28.26,509.90
773,12:53,6.481,890.6,28.27,510.79
774,12:54,6.100,887.0,28.28,511.66
775,12:55,5.849,883.2,28.29,512.51
776,12:56,5.819,879.4,28.30,513.34
777,12:57,6.075,875.7,28.30,514.14
778,12:58,6.648,871.9,28.31,514.92
779,12:59,7.527,868.2,28.32,515.66
780,13:00,8.659,864.7,28.33,516.37
781,13:01,9.950,861.3,28.33,517.05
782,13:02,11.281,858.1,28.34,517.69
783,13:03,12.518,855.2,28.34,518.30
784,13:04,13.532,852.4,28.35,518.86
785,13:05,14.211,850.0,28.35,519.38
786,13:06,14.476,847.8,28.36,519.86
787,13:07,14.292,846.0,28.36,520.30
788,13:08,13.672,844.4,28.36,520.69
789,13:09,12.673,843.1,28.37,521.03
790,13:10,11.391,842.1,28.37,521.33
791,13:11,9.949,841.4,28.37,521.58
792,13:12,8.482,840.9,28.37,521.79
793,13:13,7.117,840.7,28.37,521.95
794,13:14,5.963,840.7,28.38,522.06
795,13:15,5.093,840.9,28.38,522.12
796,13:16,4.541,841.2,28.38,522.14
797,13:17,4.296,841.6,28.38,522.11
798,13:18,4.310,842.1,28.38,522.03
799,13:19,4.501,842.6,28.38,521.91
800,13:20,4.772,843.1,28.38,521.75
801,13:21,5.024,843.5,28.38,521.55
802,13:22,5.169,843.8,28.37,521.30
803,13:23,5.149,843.9,28.37,521.02
804,13:24,4.938,843.9,28.37,520.70
805,13:25,4.553,843.6,28.37,520.34
806,13:26,4.047,843.1,28.37,519.96
807,13:27,3.505,842.4,28.37,519.54
808,13:28,3.032,841.3,28.36,519.09
809,13:29,2.737,839.9,28.36,518.62
810,13:30,2.717,838.1,28.36,518.12
811,13:31,3.045,836.0,28.36,517.60
812,13:32,3.754,833.6,28.35,517.06
813,13:33,4.834,830.9,28.35,516.51
814,13:34,6.233,827.8,28.35,515.94
815,13:35,7.854,824.4,28.34,515.37
816,13:36,9.575,820.7,28.34,514.78
817,13:37,11.257,816.7,28.34,514.19
818,13:38,12.762,812.6,28.34,513.60
819,13:39,13.969,808.2,28.33,513.01
820,13:40,14.792,803.6,28.33,512.42
821,13:41,15.183,798.9,28.33,511.84
822,13:42,15.143,794.2,28.32,511.27
823,13:43,14.720,789.3,28.32,510.71
824,13:44,13.997,784.5,28.32,510.16
825,13:45,13.087,779.8,28.32,509.63
826,13:46,12.114,775.1,28.31,509.12
827,13:47,11.196,770.6,28.31,508.63
828,13:48,10.434,766.2,28.31,508.16
829,13:49,9.895,762.0,28.31,507.72
830,13:50,9.607,758.0,28.31,507.31
831,13:51,9.558,754.3,28.30,506.92
832,13:52,9.696,750.9,28.30,506.57
833,13:53,9.942,747.7,28.30,506.25
834,13:54,10.202,744.9,28.30,505.96
835,13:55,10.380,742.3,28.30,505.70
836,13:56,10.396,740.1,28.30,505.49
837,13:57,10.198,738.1,28.30,505.31
838,13:58,9.770,736.4,28.30,505.16
839,13:59,9.137,735.0,28.30,505.06
840,14:00,8.366,733.9,28.30,504.99
841,14:01,7.551,732.9,28.30,504.96
842,14:02,6.809,732.1,28.30,504.96
843,14:03,6.259,731.5,28.30,505.01
844,14:04,6.009,731.0,28.30,505.09
845,14:05,6.141,730.5,28.30,505.21
846,14:06,6.698,730.1,28.31,505.37
847,14:07,7.676,729.7,28.31,505.56
848,14:08,9.028,729.2,28.31,505.78
849,14:09,10.662,728.6,28.31,506.04
850,14:10,12.456,727.8,28.32,506.33
851,14:11,14.272,726.9,28.32,506.65
852,14:12,15.970,725.8,28.33,506.99
853,14:13,17.426,724.4,28.33,507.37
854,14:14,18.547,722.7,28.33,507.76
855,14:15,19.278,720.8,28.34,508.18
856,14:16,19.613,718.5,28.34,508.62
857,14:17,19.588,715.9,28.35,509.07
858,14:18,19.278,713.0,28.35,509.54
859,14:19,18.783,709.7,28.36,510.02
860,14:20,18.216,706.1,28.37,510.51
861,14:21,17.685,702.2,28.37,511.01
862,14:22,17.278,698.0,28.38,511.51
863,14:23,17.054,693.4,28.39,512.01
864,14:24,17.032,688.7,28.40,512.52
865,14:25,17.190,683.7,28.40,513.02
866,14:26,17.472,678.5,28.41,513.51
867,14:27,17.793,673.1,28.42,513.99
868,14:28,18.056,667.6,28.43,514.46
869,14:29,18.165,662.1,28.44,514.92
870,14:30,18.040,656.5,28.45,515.36
871,14:31,17.633,650.9,28.46,515.78
872,14:32,16.932,645.4,28.47,516.17
873,14:33,15.970,639.9,28.48,516.54
874,14:34,14.818,634.6,28.49,516.89
875,14:35,13.583,629.5,28.50,517.20
876,14:36,12.391,624.5,28.51,517.49
877,14:37,11.371,619.8,28.52,517.74
878,14:38,10.644,615.4,28.53,517.95
879,14:39,10.302,611.2,28.54,518.13
880,14:40,10.399,607.4,28.55,518.27
881,14:41,10.943,603.8,28.56,518.37
882,14:42,11.895,600.5,28.58,518.42
883,14:43,13.173,597.6,28.59,518.44
884,14:44,14.661,594.9,28.60,518.41
885,14:45,16.228,592.6,28.61,518.34
886,14:46,17.737,590.5,28.62,518.22
887,14:47,19.065,588.7,28.64,518.06
888,14:48,20.121,587.0,28.65,517.85
889,14:49,20.848,585.6,28.66,517.60
890,14:50,21.236,584.3,28.67,517.30
891,14:51,21.315,583.2,28.69,516.96
892,14:52,21.153,582.1,28.70,516.58
893,14:53,20.843,581.0,28.71,516.15
894,14:54,20.487,580.0,28.73,515.67
895,14:55,20.183,578.9,28.74,515.16
896,14:56,20.010,577.6,28.75,514.61
897,14:57,20.013,576.3,28.76,514.01
898,14:58,20.201,574.8,28.78,513.38
899,14:59,20.542,573.1,28.79,512.72
900,15:00,20.969,571.1,28.80,512.02
901,15:01,21.389,568.9,28.81,511.29
902,15:02,21.697,566.3,28.82,510.53
903,15:03,21.791,563.5,28.84,509.74
904,15:04,21.586,560.4,28.85,508.93
905,15:05,21.032,556.9,28.86,508.09
906,15:06,20.115,553.1,28.87,507.24
907,15:07,18.870,548.9,28.88,506.36
908,15:08,17.372,544.5,28.89,505.48
909,15:09,15.732,539.8,28.90,504.58
910,15:10,14.081,534.7,28.91,503.67
911,15:11,12.558,529.5,28.92,502.76
912,15:12,11.292,524.0,28.93,501.84
913,15:13,10.386,518.3,28.94,500.92
914,15:14,9.905,512.5,28.95,500.01
915,15:15,9.869,506.5,28.96,499.10
916,15:16,10.248,500.5,28.97,498.20
917,15:17,10.974,494.5,28.98,497.31
918,15:18,11.941,488.4,28.99,496.43
919,15:19,13.027,482.5,29.00,495.57
920,15:20,14.103,476.6,29.00,494.73
921,15:21,15.056,470.9,29.01,493.91
922,15:22,15.798,465.3,29.02,493.12
923,15:23,16.278,460.0,29.02,492.35
924,15:24,16.485,454.9,29.03,491.61
925,15:25,16.453,450.1,29.03,490.90
926,15:26,16.246,445.5,29.04,490.23
927,15:27,15.954,441.3,29.04,489.59
928,15:28,15.674,437.3,29.05,488.99
929,15:29,15.496,433.7,29.05,488.42
930,15:30,15.491,430.4,29.05,487.90
931,15:31,15.695,427.5,29.06,487.42
932,15:32,16.106,424.8,29.06,486.98
933,15:33,16.682,422.4,29.06,486.58
934,15:34,17.344,420.2,29.06,486.23
935,15:35,17.989,418.3,29.06,485.92
936,15:36,18.500,416.6,29.06,485.65
937,15:37,18.765,415.0,29.06,485.43
938,15:38,18.692,413.6,29.06,485.26
939,15:39,18.221,412.2,29.06,485.13
940,15:40,17.334,410.9,29.06,485.04
941,15:41,16.059,409.6,29.05,485.00
942,15:42,14.470,408.2,29.05,485.00
943,15:43,12.676,406.8,29.05,485.05
944,15:44,10.811,405.2,29.04,485.13
945,15:45,9.015,403.5,29.04,485.26
946,15:46,7.423,401.6,29.03,485.42
947,15:47,6.143,399.4,29.03,485.62
948,15:48,5.249,397.0,29.02,485.86
949,15:49,4.770,394.3,29.01,486.13
950,15:50,4.687,391.3,29.01,486.44
951,15:51,4.941,388.0,29.00,486.77
952,15:52,5.440,384.3,28.99,487.13
953,15:53,6.070,380.4,28.98,487.52
954,15:54,6.716,376.1,28.97,487.92
955,15:55,7.275,371.6,28.96,488.35
956,15:56,7.667,366.7,28.95,488.80
957,15:57,7.850,361.6,28.94,489.26
958,15:58,7.823,356.2,28.93,489.74
959,15:59,7.622,350.6,28.92,490.23
960,16:00,7.317,344.9,28.91,490.72
961,16:01,6.998,339.0,28.89,491.22
962,16:02,6.764,333.0,28.88,491.72
963,16:03,6.703,326.9,28.87,492.22
964,16:04,6.880,320.8,28.85,492.72
965,16:05,7.328,314.7,28.84,493.21
966,16:06,8.038,308.8,28.82,493.69
967,16:07,8.957,302.9,28.81,494.16
968,16:08,9.999,297.2,28.79,494.62
969,16:09,11.048,291.6,28.77,495.07
970,16:10,11.979,286.3,28.76,495.49
971,16:11,12.666,281.2,28.74,495.90
972,16:12,13.007,276.4,28.72,496.28
973,16:13,12.930,271.9,28.70,496.64
974,16:14,12.409,267.7,28.69,496.97
975,16:15,11.461,263.9,28.67,497.28
976,16:16,10.153,260.4,28.65,497.56
977,16:17,8.587,257.1,28.63,497.80
978,16:18,6.893,254.3,28.61,498.02
979,16:19,5.208,251.7,28.59,498.20
980,16:20,3.665,249.4,28.57,498.35
981,16:21,2.375,247.4,28.55,498.46
982,16:22,1.413,245.6,28.53,498.54
983,16:23,0.812,244.0,28.51,498.58
984,16:24,0.561,242.6,28.49,498.59
985,16:25,0.608,241.3,28.47,498.57
986,16:26,0.869,240.2,28.45,498.50
987,16:27,1.242,239.0,28.42,498.41
988,16:28,1.622,237.9,28.40,498.27
989,16:29,1.916,236.8,28.38,498.11
990,16:30,2.057,235.5,28.36,497.91
991,16:31,2.013,234.2,28.34,497.68
992,16:32,1.793,232.7,28.31,497.42
993,16:33,1.442,231.0,28.29,497.14
994,16:34,1.040,229.1,28.27,496.82
995,16:35,0.684,227.0,28.25,496.48
996,16:36,0.477,224.6,28.23,496.11
997,16:37,0.511,221.9,28.20,495.73
998,16:38,0.854,218.8,28.18,495.32
999,16:39,1.537,215.5,28.16,494.90
1000,16:40,2.549,211.9,28.14,494.46
1001,16:41,3.836,208.0,28.11,494.01
1002,16:42,5.303,203.8,28.09,493.54
1003,16:43,6.828,199.3,28.07,493.08
1004,16:44,8.277,194.5,28.05,492.60
1005,16:45,9.516,189.5,28.03,492.13
1006,16:46,10.430,184.3,28.01,491.65
1007,16:47,10.937,179.0,27.98,491.18
1008,16:48,10.999,173.5,27.96,490.71
1009,16:49,10.622,167.9,27.94,490.26
1010,16:50,9.862,162.3,27.92,489.82
1011,16:51,8.811,156.7,27.90,489.39
1012,16:52,7.588,151.1,27.88,488.98
1013,16:53,6.324,145.6,27.86,488.59
1014,16:54,5.146,140.2,27.84,488.22
1015,16:55,4.157,135.0,27.82,487.88
1016,16:56,3.432,129.9,27.80,487.57
1017,16:57,3.003,125.1,27.78,487.29
1018,16:58,2.857,120.6,27.76,487.04
1019,16:59,2.947,116.4,27.74,486.83
1020,17:00,3.193,112.4,27.72,486.66
1021,17:01,3.499,108.8,27.70,486.52
1022,17:02,3.767,105.5,27.68,486.43
1023,17:03,3.914,102.6,27.66,486.38
1024,17:04,3.882,100.0,27.65,486.38
1025,17:05,3.651,97.8,27.63,486.43
1026,17:06,3.239,95.8,27.61,486.52
1027,17:07,2.705,94.2,27.60,486.66
1028,17:08,2.137,92.8,27.58,486.86
1029,17:09,1.644,91.7,27.56,487.10
1030,17:10,1.337,90.8,27.55,487.40
1031,17:11,1.318,90.1,27.53,487.75
1032,17:12,1.661,89.6,27.52,488.15
1033,17:13,2.403,89.1,27.50,488.61
1034,17:14,3.536,88.8,27.49,489.11
1035,17:15,5.008,88.4,27.47,489.67
1036,17:16,6.723,88.1,27.46,490.29
1037,17:17,8.559,87.6,27.45,490.95
1038,17:18,10.377,87.1,27.43,491.66
1039,17:19,12.036,86.4,27.42,492.43
1040,17:20,13.415,85.6,27.41,493.24
1041,17:21,14.424,84.6,27.39,494.10
1042,17:22,15.013,83.3,27.38,495.00
1043,17:23,15.181,81.8,27.37,495.95
1044,17:24,14.969,80.0,27.36,496.94
1045,17:25,14.460,77.9,27.35,497.97
1046,17:26,13.760,75.5,27.34,499.03
1047,17:27,12.991,72.9,27.33,500.13
1048,17:28,12.268,69.9,27.32,501.27
1049,17:29,11.687,66.7,27.31,502.44
1050,17:30,11.312,63.2,27.30,503.63
1051,17:31,11.170,59.5,27.29,504.85
1052,17:32,11.244,55.6,27.28,506.10
1053,17:33,11.484,51.4,27.27,507.36
1054,17:34,11.807,47.2,27.26,508.64
1055,17:35,12.120,42.8,27.26,509.94
1056,17:36,12.327,38.4,27.25,511.25
1057,17:37,12.350,33.9,27.24,512.56
1058,17:38,12.136,29.5,27.23,513.89
1059,17:39,11.674,25.1,27.23,515.21
1060,17:40,10.990,20.8,27.22,516.54
1061,17:41,10.154,16.7,27.21,517.86
1062,17:42,9.265,12.8,27.20,519.18
1063,17:43,8.441,9.1,27.20,520.49
1064,17:44,7.808,5.6,27.19,521.79
1065,17:45,7.475,2.5,27.19,523.08
1066,17:46,7.530,0.0,27.18,524.35
1067,17:47,8.017,0.0,27.17,525.60
1068,17:48,8.937,0.0,27.17,526.83
1069,17:49,10.245,0.0,27.16,528.04
1070,17:50,11.852,0.0,27.16,529.22
1071,17:51,13.639,0.0,27.15,530.38
1072,17:52,15.467,0.0,27.15,531.51
1073,17:53,17.198,0.0,27.14,532.60
1074,17:54,18.707,0.0,27.13,533.67
1075,17:55,19.901,0.0,27.13,534.70
1076,17:56,20.725,0.0,27.12,535.70
1077,17:57,21.169,0.0,27.12,536.67
1078,17:58,21.268,0.0,27.11,537.60
1079,17:59,21.094,0.0,27.11,538.49
1080,18:00,20.743,0.0,27.10,539.35
1081,18:01,20.326,0.0,27.10,540.16
1082,18:02,19.946,0.0,27.09,540.95
1083,18:03,19.688,0.0,27.08,541.69
1084,18:04,19.606,0.0,27.08,542.40
1085,18:05,19.716,0.0,27.07,543.07
1086,18:06,19.994,0.0,27.07,543.71
1087,18:07,20.379,0.0,27.06,544.31
1088,18:08,20.785,0.0,27.05,544.87
1089,18:09,21.112,0.0,27.05,545.41
1090,18:10,21.262,0.0,27.04,545.91
1091,18:11,21.156,0.0,27.03,546.38
1092,18:12,20.743,0.0,27.02,546.82
1093,18:13,20.014,0.0,27.02,547.24
1094,18:14,19.001,0.0,27.01,547.63
1095,18:15,17.778,0.0,27.00,548.00
1096,18:16,16.454,0.0,26.99,548.35
1097,18:17,15.156,0.0,26.98,548.68
1098,18:18,14.019,0.0,26.97,548.99
1099,18:19,13.165,0.0,26.96,549.29
1100,18:20,12.690,0.0,26.95,549.57
1101,18:21,12.653,0.0,26.94,549.85
1102,18:22,13.065,0.0,26.93,550.12
1103,18:23,13.891,0.0,26.92,550.39
1104,18:24,15.052,0.0,26.91,550.65
1105,18:25,16.437,0.0,26.90,550.91
1106,18:26,17.916,0.0,26.89,551.18
1107,18:27,19.355,0.0,26.87,551.46
1108,18:28,20.634,0.0,26.86,551.74
1109,18:29,21.662,0.0,26.85,552.03
1110,18:30,22.383,0.0,26.83,552.34
1111,18:31,22.787,0.0,26.82,552.66
1112,18:32,22.903,0.0,26.81,553.00
1113,18:33,22.800,0.0,26.79,553.36
1114,18:34,22.566,0.0,26.77,553.74
1115,18:35,22.303,0.0,26.76,554.15
1116,18:36,22.106,0.0,26.74,554.58
1117,18:37,22.049,0.0,26.73,555.04
1118,18:38,22.176,0.0,26.71,555.54
1119,18:39,22.490,0.0,26.69,556.06
1120,18:40,22.957,0.0,26.67,556.61
1121,18:41,23.505,0.0,26.65,557.20
1122,18:42,24.039,0.0,26.63,557.83
1123,18:43,24.449,0.0,26.61,558.49
1124,18:44,24.630,0.0,26.59,559.18
1125,18:45,24.497,0.0,26.57,559.92
1126,18:46,23.994,0.0,26.55,560.69
1127,18:47,23.109,0.0,26.53,561.50
1128,18:48,21.874,0.0,26.51,562.35
1129,18:49,20.364,0.0,26.48,563.23
1130,18:50,18.690,0.0,26.46,564.15
1131,18:51,16.985,0.0,26.44,565.11
1132,18:52,15.390,0.0,26.41,566.11
1133,18:53,14.036,0.0,26.39,567.14
1134,18:54,13.027,0.0,26.36,568.20
1135,18:55,12.432,0.0,26.34,569.30
1136,18:56,12.275,0.0,26.31,570.43
1137,18:57,12.530,0.0,26.29,571.58
1138,18:58,13.131,0.0,26.26,572.77
1139,18:59,13.978,0.0,26.23,573.98
1140,19:00,14.951,0.0,26.20,575.22
1141,19:01,15.926,0.0,26.17,576.48
1142,19:02,16.792,0.0,26.15,577.76
1143,19:03,17.465,0.0,26.12,579.05
1144,19:04,17.895,0.0,26.09,580.36
1145,19:05,18.076,0.0,26.06,581.69
1146,19:06,18.039,0.0,26.03,583.02
1147,19:07,17.852,0.0,26.00,584.36
1148,19:08,17.603,0.0,25.97,585.70
1149,19:09,17.389,0.0,25.93,587.05
1150,19:10,17.299,0.0,25.90,588.39
1151,19:11,17.403,0.0,25.87,589.72
1152,19:12,17.733,0.0,25.84,591.05
1153,19:13,18.285,0.0,25.81,592.37
1154,19:14,19.014,0.0,25.77,593.68
1155,19:15,19.837,0.0,25.74,594.96
1156,19:16,20.648,0.0,25.71,596.23
1157,19:17,21.325,0.0,25.67,597.47
1158,19:18,21.753,0.0,25.64,598.69
1159,19:19,21.837,0.0,25.61,599.88
1160,19:20,21.512,0.0,25.57,601.04
1161,19:21,20.758,0.0,25.54,602.16
1162,19:22,19.600,0.0,25.50,603.25
1163,19:23,18.111,0.0,25.47,604.30
1164,19:24,16.397,0.0,25.43,605.31
1165,19:25,14.591,0.0,25.40,606.27
1166,19:26,12.834,0.0,25.36,607.19
1167,19:27,11.260,0.0,25.33,608.06
1168,19:28,9.979,0.0,25.29,608.88
1169,19:29,9.067,0.0,25.26,609.64
1170,19:30,8.552,0.0,25.22,610.36
1171,19:31,8.422,0.0,25.18,611.02
1172,19:32,8.618,0.0,25.15,611.63
1173,19:33,9.051,0.0,25.11,612.18
1174,19:34,9.614,0.0,25.08,612.67
1175,19:35,10.193,0.0,25.04,613.11
1176,19:36,10.688,0.0,25.01,613.49
1177,19:37,11.026,0.0,24.97,613.81
1178,19:38,11.166,0.0,24.93,614.07
1179,19:39,11.111,0.0,24.90,614.27
1180,19:40,10.900,0.0,24.86,614.42
1181,19:41,10.605,0.0,24.83,614.51
1182,19:42,10.318,0.0,24.79,614.54
1183,19:43,10.139,0.0,24.76,614.52
1184,19:44,10.156,0.0,24.72,614.44
1185,19:45,10.436,0.0,24.69,614.31
1186,19:46,11.010,0.0,24.65,614.13
1187,19:47,11.867,0.0,24.62,613.90
1188,19:48,12.954,0.0,24.59,613.62
1189,19:49,14.180,0.0,24.55,613.29
1190,19:50,15.429,0.0,24.52,612.91
1191,19:51,16.570,0.0,24.49,612.50
1192,19:52,17.476,0.0,24.45,612.04
1193,19:53,18.040,0.0,24.42,611.55
1194,19:54,18.186,0.0,24.39,611.02
1195,19:55,17.883,0.0,24.35,610.45
1196,19:56,17.147,0.0,24.32,609.86
1197,19:57,16.040,0.0,24.29,609.23
1198,19:58,14.661,0.0,24.26,608.59
1199,19:59,13.137,0.0,24.23,607.92
1200,20:00,11.604,0.0,24.20,607.23
1201,20:01,10.192,0.0,24.17,606.52
1202,20:02,9.012,0.0,24.14,605.80
1203,20:03,8.138,0.0,24.11,605.06
1204,20:04,7.604,0.0,24.08,604.32
1205,20:05,7.399,0.0,24.05,603.57
1206,20:06,7.473,0.0,24.02,602.82
1207,20:07,7.745,0.0,23.99,602.07
1208,20:08,8.114,0.0,23.97,601.32
1209,20:09,8.478,0.0,23.94,600.57
1210,20:10,8.748,0.0,23.91,599.84
1211,20:11,8.861,0.0,23.88,599.11
1212,20:12,8.788,0.0,23.86,598.39
1213,20:13,8.542,0.0,23.83,597.68
1214,20:14,8.173,0.0,23.81,596.99
1215,20:15,7.762,0.0,23.78,596.32
1216,20:16,7.411,0.0,23.76,595.67
1217,20:17,7.224,0.0,23.73,595.04
1218,20:18,7.297,0.0,23.71,594.43
1219,20:19,7.700,0.0,23.69,593.84
1220,20:20,8.464,0.0,23.66,593.28
1221,20:21,9.580,0.0,23.64,592.74
1222,20:22,10.992,0.0,23.62,592.23
1223,20:23,12.605,0.0,23.60,591.74
1224,20:24,14.298,0.0,23.57,591.28
1225,20:25,15.932,0.0,23.55,590.85
1226,20:26,17.371,0.0,23.53,590.44
1227,20:27,18.498,0.0,23.51,590.07
1228,20:28,19.229,0.0,23.49,589.71
1229,20:29,19.519,0.0,23.47,589.39
1230,20:30,19.373,0.0,23.45,589.09
1231,20:31,18.842,0.0,23.44,588.81
1232,20:32,18.015,0.0,23.42,588.56
1233,20:33,17.006,0.0,23.40,588.33
1234,20:34,15.945,0.0,23.38,588.12
1235,20:35,14.952,0.0,23.36,587.93
1236,20:36,14.131,0.0,23.35,587.76
1237,20:37,13.553,0.0,23.33,587.60
1238,20:38,13.248,0.0,23.31,587.46
1239,20:39,13.204,0.0,23.30,587.33
1240,20:40,13.371,0.0,23.28,587.21
1241,20:41,13.672,0.0,23.26,587.10
1242,20:42,14.009,0.0,23.25,587.00
1243,20:43,14.289,0.0,23.23,586.89
1244,20:44,14.427,0.0,23.22,586.79
1245,20:45,14.371,0.0,23.20,586.69
1246,20:46,14.103,0.0,23.19,586.58
1247,20:47,13.644,0.0,23.18,586.46
1248,20:48,13.056,0.0,23.16,586.34
1249,20:49,12.432,0.0,23.15,586.20
1250,20:50,11.884,0.0,23.13,586.05
1251,20:51,11.528,0.0,23.12,585.88
1252,20:52,11.467,0.0,23.11,585.69
1253,20:53,11.781,0.0,23.09,585.48
1254,20:54,12.508,0.0,23.08,585.25
1255,20:55,13.643,0.0,23.07,584.99
1256,20:56,15.134,0.0,23.05,584.69
1257,20:57,16.890,0.0,23.04,584.37
1258,20:58,18.788,0.0,23.03,584.01
1259,20:59,20.686,0.0,23.01,583.62
1260,21:00,22.447,0.0,23.00,583.19
1261,21:01,23.946,0.0,22.99,582.72
1262,21:02,25.091,0.0,22.97,582.20
1263,21:03,25.832,0.0,22.96,581.65
1264,21:04,26.162,0.0,22.95,581.05
1265,21:05,26.121,0.0,22.93,580.40
1266,21:06,25.786,0.0,22.92,579.71
1267,21:07,25.263,0.0,22.91,578.97
1268,21:08,24.667,0.0,22.89,578.18
1269,21:09,24.110,0.0,22.88,577.34
1270,21:10,23.685,0.0,22.87,576.45
1271,21:11,23.453,0.0,22.85,575.52
1272,21:12,23.436,0.0,22.84,574.53
1273,21:13,23.617,0.0,22.82,573.49
1274,21:14,23.941,0.0,22.81,572.41
1275,21:15,24.326,0.0,22.80,571.27
1276,21:16,24.676,0.0,22.78,570.09
1277,21:17,24.896,0.0,22.77,568.86
1278,21:18,24.908,0.0,22.75,567.59
1279,21:19,24.660,0.0,22.74,566.27
1280,21:20,24.142,0.0,22.72,564.90
1281,21:21,23.383,0.0,22.70,563.50
1282,21:22,22.456,0.0,22.69,562.05
1283,21:23,21.461,0.0,22.67,560.57
1284,21:24,20.522,0.0,22.65,559.05
1285,21:25,19.765,0.0,22.64,557.49
1286,21:26,19.308,0.0,22.62,555.91
1287,21:27,19.238,0.0,22.60,554.29
1288,21:28,19.606,0.0,22.58,552.65
1289,21:29,20.416,0.0,22.56,550.98
1290,21:30,21.624,0.0,22.55,549.29
1291,21:31,23.147,0.0,22.53,547.59
1292,21:32,24.866,0.0,22.51,545.86
1293,21:33,26.645,0.0,22.49,544.13
1294,21:34,28.347,0.0,22.47,542.38
1295,21:35,29.848,0.0,22.45,540.63
1296,21:36,31.054,0.0,22.43,538.87
1297,21:37,31.911,0.0,22.40,537.11
1298,21:38,32.407,0.0,22.38,535.35
1299,21:39,32.575,0.0,22.36,533.60
1300,21:40,32.485,0.0,22.34,531.85
1301,21:41,32.230,0.0,22.31,530.12
1302,21:42,31.917,0.0,22.29,528.40
1303,21:43,31.647,0.0,22.27,526.70
1304,21:44,31.500,0.0,22.24,525.01
1305,21:45,31.528,0.0,22.22,523.35
1306,21:46,31.742,0.0,22.19,521.71
1307,21:47,32.113,0.0,22.17,520.10
1308,21:48,32.579,0.0,22.14,518.52
1309,21:49,33.051,0.0,22.12,516.97
1310,21:50,33.424,0.0,22.09,515.46
1311,21:51,33.601,0.0,22.06,513.98
1312,21:52,33.499,0.0,22.03,512.53
1313,21:53,33.068,0.0,22.01,511.13
1314,21:54,32.297,0.0,21.98,509.77
1315,21:55,31.219,0.0,21.95,508.45
1316,21:56,29.910,0.0,21.92,507.17
1317,21:57,28.479,0.0,21.89,505.94
1318,21:58,27.057,0.0,21.86,504.75
1319,21:59,25.779,0.0,21.83,503.61
1320,22:00,24.773,0.0,21.80,502.51
1321,22:01,24.137,0.0,21.77,501.46
1322,22:02,23.933,0.0,21.74,500.46
1323,22:03,24.178,0.0,21.71,499.50
1324,22:04,24.839,0.0,21.68,498.59
1325,22:05,25.842,0.0,21.65,497.73
1326,22:06,27.078,0.0,21.61,496.91
1327,22:07,28.422,0.0,21.58,496.13
1328,22:08,29.742,0.0,21.55,495.40
1329,22:09,30.921,0.0,21.51,494.71
1330,22:10,31.868,0.0,21.48,494.06
1331,22:11,32.531,0.0,21.45,493.44
1332,22:12,32.899,0.0,21.41,492.87
1333,22:13,33.003,0.0,21.38,492.33
1334,22:14,32.908,0.0,21.35,491.83
1335,22:15,32.705,0.0,21.31,491.35
1336,22:16,32.491,0.0,21.28,490.91
1337,22:17,32.359,0.0,21.24,490.49
1338,22:18,32.381,0.0,21.21,490.10
1339,22:19,32.597,0.0,21.17,489.73
1340,22:20,33.008,0.0,21.14,489.38
1341,22:21,33.575,0.0,21.10,489.05
1342,22:22,34.224,0.0,21.07,488.73
1343,22:23,34.854,0.0,21.03,488.42
1344,22:24,35.352,0.0,20.99,488.13
1345,22:25,35.611,0.0,20.96,487.84
1346,22:26,35.541,0.0,20.92,487.55
1347,22:27,35.085,0.0,20.89,487.27
1348,22:28,34.228,0.0,20.85,486.98
1349,22:29,33.001,0.0,20.82,486.69
1350,22:30,31.478,0.0,20.78,486.39
1351,22:31,29.769,0.0,20.74,486.09
1352,22:32,28.009,0.0,20.71,485.77
1353,22:33,26.338,0.0,20.67,485.44
1354,22:34,24.890,0.0,20.64,485.09
1355,22:35,23.771,0.0,20.60,484.72
1356,22:36,23.052,0.0,20.57,484.33
1357,22:37,22.760,0.0,20.53,483.92
1358,22:38,22.874,0.0,20.50,483.48
1359,22:39,23.330,0.0,20.46,483.02
1360,22:40,24.032,0.0,20.43,482.53
1361,22:41,24.864,0.0,20.39,482.01
1362,22:42,25.707,0.0,20.36,481.46
1363,22:43,26.452,0.0,20.33,480.88
1364,22:44,27.019,0.0,20.29,480.26
1365,22:45,27.360,0.0,20.26,479.62
1366,22:46,27.472,0.0,20.23,478.93
1367,22:47,27.389,0.0,20.19,478.22
1368,22:48,27.178,0.0,20.16,477.46
1369,22:49,26.929,0.0,20.13,476.68
1370,22:50,26.740,0.0,20.10,475.86
1371,22:51,26.698,0.0,20.07,475.00
1372,22:52,26.871,0.0,20.03,474.11
1373,22:53,27.291,0.0,20.00,473.19
1374,22:54,27.950,0.0,19.97,472.23
1375,22:55,28.801,0.0,19.94,471.24
1376,22:56,29.759,0.0,19.91,470.22
1377,22:57,30.711,0.0,19.88,469.18
1378,22:58,31.535,0.0,19.85,468.10
1379,22:59,32.111,0.0,19.83,467.00
1380,23:00,32.338,0.0,19.80,465.87
1381,23:01,32.150,0.0,19.77,464.73
1382,23:02,31.523,0.0,19.74,463.56
1383,23:03,30.479,0.0,19.71,462.37
1384,23:04,29.087,0.0,19.69,461.17
1385,23:05,27.453,0.0,19.66,459.95
1386,23:06,25.707,0.0,19.64,458.73
1387,23:07,23.989,0.0,19.61,457.49
1388,23:08,22.433,0.0,19.59,456.25
1389,23:09,21.150,0.0,19.56,455.01
1390,23:10,20.216,0.0,19.54,453.76
1391,23:11,19.661,0.0,19.52,452.52
1392,23:12,19.474,0.0,19.49,451.28
1393,23:13,19.600,0.0,19.47,450.05
1394,23:14,19.953,0.0,19.45,448.84
1395,23:15,20.428,0.0,19.43,447.63
1396,23:16,20.917,0.0,19.41,446.44
1397,23:17,21.322,0.0,19.39,445.27
1398,23:18,21.573,0.0,19.37,444.12
1399,23:19,21.635,0.0,19.35,442.99
1400,23:20,21.513,0.0,19.33,441.89
1401,23:21,21.249,0.0,19.31,440.82
1402,23:22,20.918,0.0,19.29,439.78
1403,23:23,20.615,0.0,19.27,438.78
1404,23:24,20.441,0.0,19.26,437.80
1405,23:25,20.487,0.0,19.24,436.87
1406,23:26,20.819,0.0,19.23,435.98
1407,23:27,21.468,0.0,19.21,435.12
1408,23:28,22.422,0.0,19.19,434.31
1409,23:29,23.627,0.0,19.18,433.55
1410,23:30,24.992,0.0,19.17,432.83
1411,23:31,26.396,0.0,19.15,432.15
1412,23:32,27.706,0.0,19.14,431.53
1413,23:33,28.792,0.0,19.13,430.95
1414,23:34,29.543,0.0,19.11,430.42
1415,23:35,29.879,0.0,19.10,429.94
1416,23:36,29.766,0.0,19.09,429.51
1417,23:37,29.216,0.0,19.08,429.13
1418,23:38,28.287,0.0,19.07,428.79
1419,23:39,27.074,0.0,19.06,428.51
1420,23:40,25.702,0.0,19.05,428.27
1421,23:41,24.303,0.0,19.04,428.09
1422,23:42,23.007,0.0,19.03,427.95
1423,23:43,21.920,0.0,19.02,427.85
1424,23:44,21.119,0.0,19.01,427.80
1425,23:45,20.634,0.0,19.00,427.79
1426,23:46,20.457,0.0,18.99,427.83
1427,23:47,20.537,0.0,18.98,427.90
1428,23:48,20.795,0.0,18.98,428.02
1429,23:49,21.133,0.0,18.97,428.16
1430,23:50,21.452,0.0,18.96,428.35
1431,23:51,21.664,0.0,18.95,428.56
1432,23:52,21.710,0.0,18.95,428.80
1433,23:53,21.565,0.0,18.94,429.08
1434,23:54,21.246,0.0,18.93,429.37
1435,23:55,20.805,0.0,18.93,429.69
1436,23:56,20.330,0.0,18.92,430.02
1437,23:57,19.923,0.0,18.92,430.38
1438,23:58,19.693,0.0,18.91,430.74
1439,23:59,19.739,0.0,18.90,431.12

